{
  "variant": "PCA(256)+RBF SVM",
  "pca_components": 256,
  "pca_explained_variance": 0.9209323525428772,
  "best_params": {
    "C": 4,
    "gamma": "scale"
  },
  "cv_best_score": 0.6632083256653011,
  "valid_acc": 0.7580450036293249,
  "test_acc": 0.7653604257377842,
  "test_report": {
    "Parasitized": {
      "precision": 0.7697983275946877,
      "recall": 0.7571359458151911,
      "f1-score": 0.7634146341463415,
      "support": 2067.0
    },
    "Uninfected": {
      "precision": 0.7610661589719181,
      "recall": 0.7735849056603774,
      "f1-score": 0.767274472168906,
      "support": 2067.0
    },
    "accuracy": 0.7653604257377842,
    "macro avg": {
      "precision": 0.765432243283303,
      "recall": 0.7653604257377842,
      "f1-score": 0.7653445531576237,
      "support": 4134.0
    },
    "weighted avg": {
      "precision": 0.765432243283303,
      "recall": 0.7653604257377842,
      "f1-score": 0.7653445531576238,
      "support": 4134.0
    }
  },
  "confusion_matrix": [
    [
      1565,
      502
    ],
    [
      468,
      1599
    ]
  ]
}